Workbook

Sheet 리뷰원본
A1: 날짜 | B1: 플랫폼 | C1: 별점 | D1: 리뷰 | E1: 테마
A2: 2026-06-09 | B2: 네이버 | C2: 5 | D2: 흑임자 라떼 고소하고 진해요. 인생 라떼 | E2: 맛
A3: 2026-06-10 | B3: 카카오맵 | C3: 5 | D3: 콘센트 자리 많아서 작업하기 너무 좋아요 | E3: 작업환경
A4: 2026-06-11 | B4: 인스타 | C4: 4 | D4: 바스크 치즈케이크 꾸덕하니 맛있음 | E4: 디저트
A5: 2026-06-12 | B5: 네이버 | C5: 2 | D5: 주말엔 자리가 없어서 한참 기다렸어요 | E5: 대기시간
A6: 2026-06-13 | B6: 카카오맵 | C6: 3 | D6: 맛은 좋은데 가격이 좀 있는 편 | E6: 가격
A7: 2026-06-14 | B7: 네이버 | C7: 5 | D7: 사장님이 친절하시고 분위기 차분해요 | E7: 친절
A8: 2026-06-14 | B8: 인스타 | C8: 5 | D8: 흑임자 라떼 + 바스크 조합 최고 | E8: 맛
A9: 2026-06-15 | B9: 카카오맵 | C9: 4 | D9: 조용해서 노트북 작업 집중 잘됨 | E9: 작업환경
A10: 2026-06-16 | B10: 네이버 | C10: 2 | D10: 주문 밀려서 음료 늦게 나왔어요 | E10: 대기시간
A11: 2026-06-17 | B11: 인스타 | C11: 5 | D11: 인테리어 감성 좋고 사진도 잘나와요 | E11: 분위기
A12: 2026-06-18 | B12: 카카오맵 | C12: 3 | D12: 좌석이 좀 부족한 느낌 | E12: 분위기
A13: 2026-06-19 | B13: 네이버 | C13: 4 | D13: 스콘 담백하고 좋았어요 | E13: 디저트
... A19: 2026-06-22 | B19: 네이버 | C19: 5 | D19: 커피 맛 안정적이고 깔끔 | E19: 맛

Sheet VoC분석
A1: 하버스카페 — 손님의 소리(VoC) 분석 리포트
A2: 원천: cafe_reviews.csv · 리뷰 18건 · 네이버/카카오맵/인스타
A4: 핵심 지표
A5: 총 리뷰 수 | C5: 평균 별점 | E5: 긍정률(★4↑) | G5: 부정 리뷰(★2↓)
A6: =COUNTA(리뷰원본!A2:A19) | C6: =ROUND(AVERAGE(리뷰원본!$C$2:$C$19),2) | E6: =ROUND(COUNTIF(리뷰원본!$C$2:$C$19,">=4")/COUNTA(리뷰원본!$C$2:$C$19),3) | G6: =COUNTIF(리뷰원본!$C$2:$C$19,"<=2")
A9: 별점 분포
A10: 별점 | B10: 리뷰 수
A11: ★5 | B11: =COUNTIF(리뷰원본!$C$2:$C$19,5)
A12: ★4 | B12: =COUNTIF(리뷰원본!$C$2:$C$19,4)
A13: ★3 | B13: =COUNTIF(리뷰원본!$C$2:$C$19,3)
A14: ★2 | B14: =COUNTIF(리뷰원본!$C$2:$C$19,2)
A15: ★1 | B15: =COUNTIF(리뷰원본!$C$2:$C$19,1)
A18: 테마별 집계 (리뷰 수 · 평균 별점)
A19: 테마 | B19: 리뷰 수 | C19: 평균 별점
A20: 맛 | B20: =COUNTIF(리뷰원본!$E$2:$E$19,"맛") | C20: =ROUND(AVERAGEIF(리뷰원본!$E$2:$E$19,"맛",리뷰원본!$C$2:$C$19),1)
A21: 대기시간 | B21: =COUNTIF(리뷰원본!$E$2:$E$19,"대기시간") | C21: =ROUND(AVERAGEIF(리뷰원본!$E$2:$E$19,"대기시간",리뷰원본!$C$2:$C$19),1)
A22: 분위기 | B22: =COUNTIF(리뷰원본!$E$2:$E$19,"분위기") | C22: =ROUND(AVERAGEIF(리뷰원본!$E$2:$E$19,"분위기",리뷰원본!$C$2:$C$19),1)
A23: 작업환경 | B23: =COUNTIF(리뷰원본!$E$2:$E$19,"작업환경") | C23: =ROUND(AVERAGEIF(리뷰원본!$E$2:$E$19,"작업환경",리뷰원본!$C$2:$C$19),1)
A24: 디저트 | B24: =COUNTIF(리뷰원본!$E$2:$E$19,"디저트") | C24: =ROUND(AVERAGEIF(리뷰원본!$E$2:$E$19,"디저트",리뷰원본!$C$2:$C$19),1)
A25: 가격 | B25: =COUNTIF(리뷰원본!$E$2:$E$19,"가격") | C25: =ROUND(AVERAGEIF(리뷰원본!$E$2:$E$19,"가격",리뷰원본!$C$2:$C$19),1)
A26: 친절 | B26: =COUNTIF(리뷰원본!$E$2:$E$19,"친절") | C26: =ROUND(AVERAGEIF(리뷰원본!$E$2:$E$19,"친절",리뷰원본!$C$2:$C$19),1)
A29: 부정 리뷰(★2 이하) 테마 Top3
A30: 테마 | B30: 부정 건수
A31: 대기시간 | B31: =COUNTIFS(리뷰원본!$E$2:$E$19,"대기시간",리뷰원본!$C$2:$C$19,"<=2")
A32: 맛 | B32: =COUNTIFS(리뷰원본!$E$2:$E$19,"맛",리뷰원본!$C$2:$C$19,"<=2")
A33: 분위기 | B33: =COUNTIFS(리뷰원본!$E$2:$E$19,"분위기",리뷰원본!$C$2:$C$19,"<=2")
A35: 📌 인사이트: 긍정은 '맛·작업환경', 부정 1위는 '대기시간(피크 웨이팅)' → 최우선 개선 = 피크타임 대기 단축
